{"loss": [1.3985103368759155, 0.4827614426612854, 0.2947623133659363, 0.2041148990392685, 0.1524718999862671, 0.11843691021203995, 0.10129374265670776, 0.07765915244817734, 0.07302737981081009, 0.0632883831858635], "accuracy": [0.5904402732849121, 0.8456931710243225, 0.9050145745277405, 0.9334234595298767, 0.9500960111618042, 0.9606088399887085, 0.9663845300674438, 0.974322497844696, 0.9754605293273926, 0.9785617589950562], "val_loss": [0.5189390778541565, 0.3459879159927368, 0.20979002118110657, 0.18949605524539948, 0.18003733456134796, 0.12751859426498413, 0.15107066929340363, 0.12088192254304886, 0.14668872952461243, 0.11879461258649826], "val_accuracy": [0.8362736105918884, 0.889028012752533, 0.9298884868621826, 0.9356362223625183, 0.9422945380210876, 0.9608467817306519, 0.9510585069656372, 0.9626109600067139, 0.9533348679542542, 0.9641475081443787]}